{
  "id": "1612024",
  "name": "极光",
  "font_family": "iconfont",
  "css_prefix_text": "icon-",
  "description": "",
  "glyphs": [
    {
      "icon_id": "1537294",
      "name": "导出",
      "font_class": "daochu",
      "unicode": "e60f",
      "unicode_decimal": 58895
    },
    {
      "icon_id": "3115648",
      "name": "移动",
      "font_class": "move",
      "unicode": "e637",
      "unicode_decimal": 58935
    },
    {
      "icon_id": "6425566",
      "name": "URL",
      "font_class": "URL",
      "unicode": "e60e",
      "unicode_decimal": 58894
    },
    {
      "icon_id": "278282",
      "name": "card",
      "font_class": "Label",
      "unicode": "e623",
      "unicode_decimal": 58915
    },
    {
      "icon_id": "5441051",
      "name": "折线图",
      "font_class": "Line",
      "unicode": "e613",
      "unicode_decimal": 58899
    },
    {
      "icon_id": "5094157",
      "name": "漏斗图 (1)",
      "font_class": "Lou",
      "unicode": "e62e",
      "unicode_decimal": 58926
    },
    {
      "icon_id": "9148874",
      "name": "问号 [转换]",
      "font_class": "tooltip",
      "unicode": "e62a",
      "unicode_decimal": 58922
    },
    {
      "icon_id": "1028972",
      "name": "sql",
      "font_class": "sql",
      "unicode": "e763",
      "unicode_decimal": 59235
    },
    {
      "icon_id": "9168518",
      "name": "字符串",
      "font_class": "string",
      "unicode": "e733",
      "unicode_decimal": 59187
    },
    {
      "icon_id": "13014997",
      "name": "日期",
      "font_class": "time",
      "unicode": "e6d8",
      "unicode_decimal": 59096
    },
    {
      "icon_id": "13085619",
      "name": "数据类型-整数",
      "font_class": "integer",
      "unicode": "e60b",
      "unicode_decimal": 58891
    },
    {
      "icon_id": "13098219",
      "name": "浮点",
      "font_class": "double",
      "unicode": "e66d",
      "unicode_decimal": 58989
    },
    {
      "icon_id": "10933832",
      "name": "上线",
      "font_class": "shangxian",
      "unicode": "e861",
      "unicode_decimal": 59489
    },
    {
      "icon_id": "5373903",
      "name": "加",
      "font_class": "plus",
      "unicode": "e7a8",
      "unicode_decimal": 59304
    },
    {
      "icon_id": "9739121",
      "name": "过滤",
      "font_class": "filter",
      "unicode": "e60d",
      "unicode_decimal": 58893
    },
    {
      "icon_id": "6555241",
      "name": "维度",
      "font_class": "weidu",
      "unicode": "e609",
      "unicode_decimal": 58889
    },
    {
      "icon_id": "10427844",
      "name": "维度",
      "font_class": "duliang",
      "unicode": "e622",
      "unicode_decimal": 58914
    },
    {
      "icon_id": "273605",
      "name": "日期",
      "font_class": "Date",
      "unicode": "e638",
      "unicode_decimal": 58936
    },
    {
      "icon_id": "7292752",
      "name": "输入选择框",
      "font_class": "Select",
      "unicode": "ecee",
      "unicode_decimal": 60654
    },
    {
      "icon_id": "9922217",
      "name": "输入框",
      "font_class": "Input",
      "unicode": "e83f",
      "unicode_decimal": 59455
    },
    {
      "icon_id": "6498241",
      "name": "表格",
      "font_class": "Table",
      "unicode": "e845",
      "unicode_decimal": 59461
    },
    {
      "icon_id": "3488380",
      "name": "搜索",
      "font_class": "Search",
      "unicode": "e629",
      "unicode_decimal": 58921
    },
    {
      "icon_id": "9877913",
      "name": "中国地图2",
      "font_class": "China",
      "unicode": "e619",
      "unicode_decimal": 58905
    },
    {
      "icon_id": "11208",
      "name": "图表 折线图",
      "font_class": "Comb",
      "unicode": "e608",
      "unicode_decimal": 58888
    },
    {
      "icon_id": "4040329",
      "name": "饼图",
      "font_class": "Pie",
      "unicode": "e7e7",
      "unicode_decimal": 59367
    },
    {
      "icon_id": "5938348",
      "name": "t",
      "font_class": "Tab",
      "unicode": "e66a",
      "unicode_decimal": 58986
    },
    {
      "icon_id": "9902255",
      "name": "柱状图",
      "font_class": "Bar",
      "unicode": "e750",
      "unicode_decimal": 59216
    },
    {
      "icon_id": "3701914",
      "name": "调度",
      "font_class": "diaodu",
      "unicode": "e607",
      "unicode_decimal": 58887
    },
    {
      "icon_id": "10427448",
      "name": "下线",
      "font_class": "xiaxian",
      "unicode": "e82a",
      "unicode_decimal": 59434
    },
    {
      "icon_id": "2786517",
      "name": "内容字段管理",
      "font_class": "neirongziduanguanli",
      "unicode": "e6b2",
      "unicode_decimal": 59058
    },
    {
      "icon_id": "1512440",
      "name": "结束",
      "font_class": "jieshu",
      "unicode": "e71d",
      "unicode_decimal": 59165
    },
    {
      "icon_id": "12771505",
      "name": "运行",
      "font_class": "yunhang",
      "unicode": "e61b",
      "unicode_decimal": 58907
    },
    {
      "icon_id": "5678797",
      "name": "文本格式化",
      "font_class": "format_icon",
      "unicode": "e606",
      "unicode_decimal": 58886
    },
    {
      "icon_id": "2678570",
      "name": "保存",
      "font_class": "baocun",
      "unicode": "e63b",
      "unicode_decimal": 58939
    },
    {
      "icon_id": "7198001",
      "name": "主题分析",
      "font_class": "zhutifenxi",
      "unicode": "e6d0",
      "unicode_decimal": 59088
    },
    {
      "icon_id": "9245695",
      "name": "文件搜索空",
      "font_class": "nowenjian",
      "unicode": "e646",
      "unicode_decimal": 58950
    },
    {
      "icon_id": "3479111",
      "name": "数据集",
      "font_class": "shujuji",
      "unicode": "e65c",
      "unicode_decimal": 58972
    },
    {
      "icon_id": "735392",
      "name": "记录",
      "font_class": "jilu1",
      "unicode": "e610",
      "unicode_decimal": 58896
    },
    {
      "icon_id": "3993253",
      "name": "更多",
      "font_class": "msnui-more",
      "unicode": "e604",
      "unicode_decimal": 58884
    },
    {
      "icon_id": "9823687",
      "name": "新东方-刷新图标",
      "font_class": "refresh",
      "unicode": "e605",
      "unicode_decimal": 58885
    },
    {
      "icon_id": "448351",
      "name": "项目",
      "font_class": "xiangmu",
      "unicode": "e60c",
      "unicode_decimal": 58892
    },
    {
      "icon_id": "1851566",
      "name": "复制",
      "font_class": "fuzhi",
      "unicode": "e8c8",
      "unicode_decimal": 59592
    },
    {
      "icon_id": "1905777",
      "name": "基本信息",
      "font_class": "jibenxinxi",
      "unicode": "e8d2",
      "unicode_decimal": 59602
    },
    {
      "icon_id": "3310277",
      "name": "presto",
      "font_class": "presto",
      "unicode": "e641",
      "unicode_decimal": 58945
    },
    {
      "icon_id": "3964032",
      "name": "PostgreSQL",
      "font_class": "Fill",
      "unicode": "e669",
      "unicode_decimal": 58985
    },
    {
      "icon_id": "4261621",
      "name": "文件夹",
      "font_class": "wenjianjia",
      "unicode": "e600",
      "unicode_decimal": 58880
    },
    {
      "icon_id": "5117142",
      "name": "发布 ",
      "font_class": "fabu",
      "unicode": "e656",
      "unicode_decimal": 58966
    },
    {
      "icon_id": "7590609",
      "name": "仪表盘",
      "font_class": "yibiaopan",
      "unicode": "e711",
      "unicode_decimal": 59153
    },
    {
      "icon_id": "7774955",
      "name": "删 除",
      "font_class": "shanchu-copy-copy",
      "unicode": "e602",
      "unicode_decimal": 58882
    },
    {
      "icon_id": "9321426",
      "name": "ES",
      "font_class": "ES",
      "unicode": "e78a",
      "unicode_decimal": 59274
    },
    {
      "icon_id": "9753957",
      "name": "记录",
      "font_class": "jilu",
      "unicode": "e60a",
      "unicode_decimal": 58890
    },
    {
      "icon_id": "10418371",
      "name": "my-SQL",
      "font_class": "shujukuleixingtubiao-kuozhan-",
      "unicode": "e603",
      "unicode_decimal": 58883
    },
    {
      "icon_id": "12642471",
      "name": "数据资产",
      "font_class": "shujuzichan",
      "unicode": "e628",
      "unicode_decimal": 58920
    }
  ]
}
